benchmark,variant,revision,round,scenario,engine,iterations,median_ms,min_ms,max_ms,allocated_bytes,checksum
history-compression,before,3ede1f13,1,row-80-ascii-compress,managed,2000,20.5136,17.9378,25.5126,7312000,1696000
history-compression,before,3ede1f13,1,row-80-ascii-restore,managed,2000,116.4065,108.7328,143.3615,8352224,3264000
history-compression,before,3ede1f13,1,row-80-graphemes-compress,managed,2000,19.0976,18.7324,20.8521,8032000,2432000
history-compression,before,3ede1f13,1,row-80-graphemes-restore,managed,2000,119.2042,117.2995,155.3122,13472448,4000000
history-compression,before,3ede1f13,1,row-240-ascii-compress,managed,2000,36.7107,36.4446,64.1509,20432000,1696000
history-compression,before,3ede1f13,1,row-240-ascii-restore,managed,2000,325.7042,308.3738,357.1748,23712672,3328000
history-compression,before,3ede1f13,1,row-240-graphemes-compress,managed,2000,52.1087,40.7610,107.5048,22432000,2432000
history-compression,before,3ede1f13,1,row-240-graphemes-restore,managed,2000,494.6892,412.8883,581.9538,39073120,4064000
history-compression,before,3ede1f13,1,snapshot-plain,managed,5,47.5115,40.9979,49.6889,38848280,48040
history-compression,before,3ede1f13,1,snapshot-plain,native-core,5,3.9616,2.5952,5.9190,1800,96080
history-compression,before,3ede1f13,1,snapshot-compressed,managed,5,139.4497,126.8875,161.1109,60360880,48040
history-compression,before,3ede1f13,1,snapshot-compressed,native-core,5,11.5224,9.5325,13.9584,1800,96080
history-compression,before,3ede1f13,2,row-80-ascii-compress,managed,2000,17.2875,16.8943,17.4439,7312000,1696000
history-compression,before,3ede1f13,2,row-80-ascii-restore,managed,2000,108.8740,103.7839,113.4718,8352224,3264000
history-compression,before,3ede1f13,2,row-80-graphemes-compress,managed,2000,17.8792,17.8444,18.4900,8032000,2432000
history-compression,before,3ede1f13,2,row-80-graphemes-restore,managed,2000,111.4770,109.4373,111.9444,13472448,4000000
history-compression,before,3ede1f13,2,row-240-ascii-compress,managed,2000,35.0500,34.3362,35.3329,20432000,1696000
history-compression,before,3ede1f13,2,row-240-ascii-restore,managed,2000,305.8346,302.6047,365.0451,23712672,3328000
history-compression,before,3ede1f13,2,row-240-graphemes-compress,managed,2000,38.6562,38.2135,46.7438,22432000,2432000
history-compression,before,3ede1f13,2,row-240-graphemes-restore,managed,2000,329.7066,324.0478,344.2914,39073120,4064000
history-compression,before,3ede1f13,2,snapshot-plain,managed,5,37.7547,34.3370,85.4550,38848280,48040
history-compression,before,3ede1f13,2,snapshot-plain,native-core,5,2.8247,2.3536,3.5580,1800,96080
history-compression,before,3ede1f13,2,snapshot-compressed,managed,5,109.8559,105.0912,141.7797,60360880,48040
history-compression,before,3ede1f13,2,snapshot-compressed,native-core,5,14.3985,10.5565,18.4992,1800,96080
history-compression,before,3ede1f13,3,row-80-ascii-compress,managed,2000,20.2076,18.5385,23.7785,7312000,1696000
history-compression,before,3ede1f13,3,row-80-ascii-restore,managed,2000,177.4780,122.8141,188.0124,8352224,3264000
history-compression,before,3ede1f13,3,row-80-graphemes-compress,managed,2000,31.6388,27.7247,35.5392,8032000,2432000
history-compression,before,3ede1f13,3,row-80-graphemes-restore,managed,2000,162.8517,146.4253,248.9622,13472448,4000000
history-compression,before,3ede1f13,3,row-240-ascii-compress,managed,2000,60.7665,50.6537,67.7752,20432000,1696000
history-compression,before,3ede1f13,3,row-240-ascii-restore,managed,2000,552.4024,382.4230,736.9052,23712672,3328000
history-compression,before,3ede1f13,3,row-240-graphemes-compress,managed,2000,49.4029,42.6933,75.9166,22432000,2432000
history-compression,before,3ede1f13,3,row-240-graphemes-restore,managed,2000,473.3332,380.0195,517.1097,39073120,4064000
history-compression,before,3ede1f13,3,snapshot-plain,managed,5,40.5075,37.5736,51.7455,38848280,48040
history-compression,before,3ede1f13,3,snapshot-plain,native-core,5,5.8659,2.6218,7.0761,1800,96080
history-compression,before,3ede1f13,3,snapshot-compressed,managed,5,95.6912,92.1331,117.6619,60360880,48040
history-compression,before,3ede1f13,3,snapshot-compressed,native-core,5,8.9058,8.1022,9.7252,1800,96080
history-compression,after,b892a35dd161e1bc5450898152f05c2b7580da06,1,row-80-ascii-compress,managed,2000,11.6314,9.5654,12.9015,496000,1696000
history-compression,after,b892a35dd161e1bc5450898152f05c2b7580da06,1,row-80-ascii-restore,managed,2000,14.0990,9.5604,14.4077,7872000,3264000
history-compression,after,b892a35dd161e1bc5450898152f05c2b7580da06,1,row-80-graphemes-compress,managed,2000,11.3172,10.6892,13.4439,576000,2432000
history-compression,after,b892a35dd161e1bc5450898152f05c2b7580da06,1,row-80-graphemes-restore,managed,2000,8.8953,8.6736,9.1072,12992000,4000000
history-compression,after,b892a35dd161e1bc5450898152f05c2b7580da06,1,row-240-ascii-compress,managed,2000,13.0209,12.7045,13.3492,496000,1696000
history-compression,after,b892a35dd161e1bc5450898152f05c2b7580da06,1,row-240-ascii-restore,managed,2000,20.1505,14.9140,29.7691,23232000,3328000
history-compression,after,b892a35dd161e1bc5450898152f05c2b7580da06,1,row-240-graphemes-compress,managed,2000,15.3308,15.1452,16.2688,576000,2432000
history-compression,after,b892a35dd161e1bc5450898152f05c2b7580da06,1,row-240-graphemes-restore,managed,2000,23.3834,22.1523,26.9332,38592000,4064000
history-compression,after,b892a35dd161e1bc5450898152f05c2b7580da06,1,snapshot-plain,managed,5,37.2226,35.6345,47.3935,38848720,48040
history-compression,after,b892a35dd161e1bc5450898152f05c2b7580da06,1,snapshot-plain,native-core,5,2.5507,2.2870,2.8940,1800,96080
history-compression,after,b892a35dd161e1bc5450898152f05c2b7580da06,1,snapshot-compressed,managed,5,70.1037,67.2834,79.6503,40258160,48040
history-compression,after,b892a35dd161e1bc5450898152f05c2b7580da06,1,snapshot-compressed,native-core,5,20.9818,9.8717,23.7395,1800,96080
history-compression,after,b892a35dd161e1bc5450898152f05c2b7580da06,2,row-80-ascii-compress,managed,2000,9.2712,9.2106,9.8550,496000,1696000
history-compression,after,b892a35dd161e1bc5450898152f05c2b7580da06,2,row-80-ascii-restore,managed,2000,6.5362,6.2437,7.1115,7872000,3264000
history-compression,after,b892a35dd161e1bc5450898152f05c2b7580da06,2,row-80-graphemes-compress,managed,2000,10.4153,10.1635,11.1581,576000,2432000
history-compression,after,b892a35dd161e1bc5450898152f05c2b7580da06,2,row-80-graphemes-restore,managed,2000,8.6710,8.5510,9.0506,12992000,4000000
history-compression,after,b892a35dd161e1bc5450898152f05c2b7580da06,2,row-240-ascii-compress,managed,2000,12.8367,12.5354,38.0412,496000,1696000
history-compression,after,b892a35dd161e1bc5450898152f05c2b7580da06,2,row-240-ascii-restore,managed,2000,15.2232,14.4764,15.9401,23232000,3328000
history-compression,after,b892a35dd161e1bc5450898152f05c2b7580da06,2,row-240-graphemes-compress,managed,2000,15.7464,15.4202,17.2604,576000,2432000
history-compression,after,b892a35dd161e1bc5450898152f05c2b7580da06,2,row-240-graphemes-restore,managed,2000,19.9381,19.5489,20.6820,38592000,4064000
history-compression,after,b892a35dd161e1bc5450898152f05c2b7580da06,2,snapshot-plain,managed,5,35.3702,35.1125,36.1056,38848720,48040
history-compression,after,b892a35dd161e1bc5450898152f05c2b7580da06,2,snapshot-plain,native-core,5,2.3192,2.2402,2.6616,1800,96080
history-compression,after,b892a35dd161e1bc5450898152f05c2b7580da06,2,snapshot-compressed,managed,5,68.6331,66.8342,75.1512,40258160,48040
history-compression,after,b892a35dd161e1bc5450898152f05c2b7580da06,2,snapshot-compressed,native-core,5,9.6225,9.1265,9.9363,1800,96080
history-compression,after,b892a35dd161e1bc5450898152f05c2b7580da06,3,row-80-ascii-compress,managed,2000,9.6066,9.3802,9.9819,496000,1696000
history-compression,after,b892a35dd161e1bc5450898152f05c2b7580da06,3,row-80-ascii-restore,managed,2000,6.9220,6.5142,7.0211,7872000,3264000
history-compression,after,b892a35dd161e1bc5450898152f05c2b7580da06,3,row-80-graphemes-compress,managed,2000,10.1901,10.1153,11.2653,576000,2432000
history-compression,after,b892a35dd161e1bc5450898152f05c2b7580da06,3,row-80-graphemes-restore,managed,2000,9.0389,8.8421,9.6767,12992000,4000000
history-compression,after,b892a35dd161e1bc5450898152f05c2b7580da06,3,row-240-ascii-compress,managed,2000,13.1334,12.5051,13.8933,496000,1696000
history-compression,after,b892a35dd161e1bc5450898152f05c2b7580da06,3,row-240-ascii-restore,managed,2000,15.1085,14.4005,15.5282,23232000,3328000
history-compression,after,b892a35dd161e1bc5450898152f05c2b7580da06,3,row-240-graphemes-compress,managed,2000,14.4453,14.3071,15.2907,576000,2432000
history-compression,after,b892a35dd161e1bc5450898152f05c2b7580da06,3,row-240-graphemes-restore,managed,2000,20.5177,18.6016,21.7710,38592000,4064000
history-compression,after,b892a35dd161e1bc5450898152f05c2b7580da06,3,snapshot-plain,managed,5,37.9992,36.7244,38.3780,38848720,48040
history-compression,after,b892a35dd161e1bc5450898152f05c2b7580da06,3,snapshot-plain,native-core,5,2.3724,2.2091,3.3332,1800,96080
history-compression,after,b892a35dd161e1bc5450898152f05c2b7580da06,3,snapshot-compressed,managed,5,67.0480,65.7541,68.8176,40258160,48040
history-compression,after,b892a35dd161e1bc5450898152f05c2b7580da06,3,snapshot-compressed,native-core,5,9.3708,8.8123,10.2443,1800,96080
program-status,before,3ede1f13,1,status-1,managed,20000,15.1977,14.9882,15.9487,4000000,160001
program-status,before,3ede1f13,1,status-1,native-adapter,20000,77.6821,59.3073,99.7405,11040000,160001
program-status,before,3ede1f13,1,status-inheritance-1,shared-store,1000,0.0120,0.0111,0.0311,0,40000
program-status,before,3ede1f13,1,status-64,managed,20000,20.8685,17.2288,25.4100,4000000,160064
program-status,before,3ede1f13,1,status-64,native-adapter,20000,61.3836,61.1982,62.7940,11175040,160064
program-status,before,3ede1f13,1,status-inheritance-64,shared-store,1000,14.7736,13.5221,15.2732,0,2560000
program-status,before,3ede1f13,1,status-256,managed,20000,15.6017,15.5107,15.8166,4097600,160256
program-status,before,3ede1f13,1,status-256,native-adapter,20000,67.1641,66.2853,101.4212,11388960,160256
program-status,before,3ede1f13,1,status-inheritance-256,shared-store,1000,199.2465,179.2767,248.6163,0,10240000
program-status,before,3ede1f13,2,status-1,managed,20000,14.5646,14.3598,14.9933,4000000,160001
program-status,before,3ede1f13,2,status-1,native-adapter,20000,59.0469,57.0448,61.8213,11040000,160001
program-status,before,3ede1f13,2,status-inheritance-1,shared-store,1000,0.0106,0.0105,0.0112,0,40000
program-status,before,3ede1f13,2,status-64,managed,20000,15.2988,14.6151,19.7190,4000000,160064
program-status,before,3ede1f13,2,status-64,native-adapter,20000,62.9890,61.4484,66.7897,11175040,160064
program-status,before,3ede1f13,2,status-inheritance-64,shared-store,1000,13.5044,13.2620,14.0446,0,2560000
program-status,before,3ede1f13,2,status-256,managed,20000,15.6118,14.8403,15.9282,4097600,160256
program-status,before,3ede1f13,2,status-256,native-adapter,20000,64.7114,61.6292,65.8149,11388960,160256
program-status,before,3ede1f13,2,status-inheritance-256,shared-store,1000,181.2701,176.7004,286.4532,0,10240000
program-status,before,3ede1f13,3,status-1,managed,20000,14.7815,14.6901,14.9092,4000000,160001
program-status,before,3ede1f13,3,status-1,native-adapter,20000,58.9145,58.3474,59.6717,11040000,160001
program-status,before,3ede1f13,3,status-inheritance-1,shared-store,1000,0.0134,0.0114,0.0141,0,40000
program-status,before,3ede1f13,3,status-64,managed,20000,14.9195,14.7896,14.9828,4000000,160064
program-status,before,3ede1f13,3,status-64,native-adapter,20000,60.7121,60.1907,61.1787,11175040,160064
program-status,before,3ede1f13,3,status-inheritance-64,shared-store,1000,12.9234,12.7902,13.3381,0,2560000
program-status,before,3ede1f13,3,status-256,managed,20000,15.2936,14.8045,15.6275,4097600,160256
program-status,before,3ede1f13,3,status-256,native-adapter,20000,62.8595,62.3764,64.6189,11388960,160256
program-status,before,3ede1f13,3,status-inheritance-256,shared-store,1000,177.4494,176.5946,181.5248,0,10240000
program-status,after,b892a35dd161e1bc5450898152f05c2b7580da06,1,status-1,managed,20000,16.4902,16.0985,17.2123,4000000,160001
program-status,after,b892a35dd161e1bc5450898152f05c2b7580da06,1,status-1,native-adapter,20000,76.9627,62.0189,111.3635,11040000,160001
program-status,after,b892a35dd161e1bc5450898152f05c2b7580da06,1,status-inheritance-1,shared-store,1000,0.0363,0.0356,0.0392,0,40000
program-status,after,b892a35dd161e1bc5450898152f05c2b7580da06,1,status-64,managed,20000,15.8158,15.5766,16.1104,4000000,160064
program-status,after,b892a35dd161e1bc5450898152f05c2b7580da06,1,status-64,native-adapter,20000,66.6357,62.2555,96.1082,11175040,160064
program-status,after,b892a35dd161e1bc5450898152f05c2b7580da06,1,status-inheritance-64,shared-store,1000,3.4970,3.2848,3.5863,0,2560000
program-status,after,b892a35dd161e1bc5450898152f05c2b7580da06,1,status-256,managed,20000,16.3661,16.0041,16.5595,4097600,160256
program-status,after,b892a35dd161e1bc5450898152f05c2b7580da06,1,status-256,native-adapter,20000,65.5949,63.9875,68.8870,11388960,160256
program-status,after,b892a35dd161e1bc5450898152f05c2b7580da06,1,status-inheritance-256,shared-store,1000,14.3703,13.8516,17.3671,0,10240000
program-status,after,b892a35dd161e1bc5450898152f05c2b7580da06,2,status-1,managed,20000,15.5937,15.4645,16.1485,4000000,160001
program-status,after,b892a35dd161e1bc5450898152f05c2b7580da06,2,status-1,native-adapter,20000,62.6897,61.3928,66.0637,11040000,160001
program-status,after,b892a35dd161e1bc5450898152f05c2b7580da06,2,status-inheritance-1,shared-store,1000,0.0396,0.0382,0.0534,0,40000
program-status,after,b892a35dd161e1bc5450898152f05c2b7580da06,2,status-64,managed,20000,15.6460,15.5267,16.2400,4000000,160064
program-status,after,b892a35dd161e1bc5450898152f05c2b7580da06,2,status-64,native-adapter,20000,63.3870,62.8957,64.0026,11175040,160064
program-status,after,b892a35dd161e1bc5450898152f05c2b7580da06,2,status-inheritance-64,shared-store,1000,3.6182,3.3508,3.9688,0,2560000
program-status,after,b892a35dd161e1bc5450898152f05c2b7580da06,2,status-256,managed,20000,17.1310,16.8675,17.5780,4097600,160256
program-status,after,b892a35dd161e1bc5450898152f05c2b7580da06,2,status-256,native-adapter,20000,66.1740,65.3110,68.6751,11388960,160256
program-status,after,b892a35dd161e1bc5450898152f05c2b7580da06,2,status-inheritance-256,shared-store,1000,15.1138,14.7348,15.6309,0,10240000
program-status,after,b892a35dd161e1bc5450898152f05c2b7580da06,3,status-1,managed,20000,14.9159,14.6975,15.1258,4000000,160001
program-status,after,b892a35dd161e1bc5450898152f05c2b7580da06,3,status-1,native-adapter,20000,58.8380,58.2687,60.7538,11040000,160001
program-status,after,b892a35dd161e1bc5450898152f05c2b7580da06,3,status-inheritance-1,shared-store,1000,0.0419,0.0354,0.0434,0,40000
program-status,after,b892a35dd161e1bc5450898152f05c2b7580da06,3,status-64,managed,20000,15.3943,15.1019,15.6111,4000000,160064
program-status,after,b892a35dd161e1bc5450898152f05c2b7580da06,3,status-64,native-adapter,20000,63.5709,61.2479,64.3357,11175040,160064
program-status,after,b892a35dd161e1bc5450898152f05c2b7580da06,3,status-inheritance-64,shared-store,1000,3.3107,3.2577,4.4329,0,2560000
program-status,after,b892a35dd161e1bc5450898152f05c2b7580da06,3,status-256,managed,20000,15.6431,15.5207,15.9081,4097600,160256
program-status,after,b892a35dd161e1bc5450898152f05c2b7580da06,3,status-256,native-adapter,20000,62.0696,60.9498,65.8277,11388960,160256
program-status,after,b892a35dd161e1bc5450898152f05c2b7580da06,3,status-inheritance-256,shared-store,1000,13.4677,13.3287,13.9601,0,10240000
terminal-update,baseline,ad857e6f,1,ascii,managed,25000,8.9558,8.8007,9.2308,0,0
terminal-update,baseline,ad857e6f,1,ascii,native-adapter,25000,155.5804,153.4739,158.6119,1600000,0
terminal-update,baseline,ad857e6f,1,ascii,native-core,25000,1.4336,1.3871,1.9265,0,24
terminal-update,baseline,ad857e6f,1,unicode,managed,25000,18.6644,18.1618,22.7283,0,0
terminal-update,baseline,ad857e6f,1,unicode,native-adapter,25000,161.0731,158.9442,167.8170,1600000,0
terminal-update,baseline,ad857e6f,1,unicode,native-core,25000,4.2632,4.1346,4.4452,0,24
terminal-update,baseline,ad857e6f,1,wide,managed,25000,102.7053,96.9289,103.6696,0,0
terminal-update,baseline,ad857e6f,1,wide,native-adapter,25000,214.1036,207.9747,276.8908,1600000,0
terminal-update,baseline,ad857e6f,1,wide,native-core,25000,28.1764,27.5596,34.3451,0,24
terminal-update,baseline,ad857e6f,1,styled,managed,25000,13.8187,12.5667,16.7351,0,0
terminal-update,baseline,ad857e6f,1,styled,native-adapter,25000,178.0424,171.0450,251.2919,1600000,0
terminal-update,baseline,ad857e6f,1,styled,native-core,25000,3.9196,2.8977,6.0110,0,24
terminal-update,baseline,ad857e6f,1,title,managed,25000,3.4659,3.2196,3.9295,0,0
terminal-update,baseline,ad857e6f,1,title,native-adapter,25000,16.2203,16.0471,16.4830,4000000,0
terminal-update,baseline,ad857e6f,1,title,native-core,25000,1.3939,1.2825,1.6021,0,24
terminal-update,baseline,ad857e6f,1,prompt,managed,25000,34.8664,32.8618,38.9747,42200000,0
terminal-update,baseline,ad857e6f,1,prompt,native-adapter,25000,184.5202,180.5970,196.2709,47400000,0
terminal-update,baseline,ad857e6f,1,prompt,native-core,25000,4.5527,4.1719,4.5851,0,24
terminal-update,baseline,ad857e6f,1,soft-reset,managed,25000,5.1001,4.7795,5.2824,0,0
terminal-update,baseline,ad857e6f,1,soft-reset,native-adapter,25000,13.1035,12.9951,13.2265,1600000,0
terminal-update,baseline,ad857e6f,1,soft-reset,native-core,25000,1.3865,1.3654,1.8336,0,24
terminal-update,baseline,ad857e6f,2,ascii,managed,25000,9.7648,9.5848,10.0787,0,0
terminal-update,baseline,ad857e6f,2,ascii,native-adapter,25000,196.7372,178.1449,251.9567,1600000,0
terminal-update,baseline,ad857e6f,2,ascii,native-core,25000,1.4583,1.4167,1.4953,0,24
terminal-update,baseline,ad857e6f,2,unicode,managed,25000,25.4021,23.1129,28.7566,0,0
terminal-update,baseline,ad857e6f,2,unicode,native-adapter,25000,273.0379,181.3645,346.0219,1600000,0
terminal-update,baseline,ad857e6f,2,unicode,native-core,25000,4.8642,4.5157,9.5654,0,24
terminal-update,baseline,ad857e6f,2,wide,managed,25000,138.3539,112.1673,170.4207,0,0
terminal-update,baseline,ad857e6f,2,wide,native-adapter,25000,251.7955,231.9239,394.9232,1600000,0
terminal-update,baseline,ad857e6f,2,wide,native-core,25000,29.2242,28.5805,34.8663,0,24
terminal-update,baseline,ad857e6f,2,styled,managed,25000,13.0316,12.6890,13.7460,0,0
terminal-update,baseline,ad857e6f,2,styled,native-adapter,25000,185.5525,175.9410,258.8875,1600000,0
terminal-update,baseline,ad857e6f,2,styled,native-core,25000,3.5882,3.1385,5.4934,0,24
terminal-update,baseline,ad857e6f,2,title,managed,25000,3.7735,3.2241,4.3914,0,0
terminal-update,baseline,ad857e6f,2,title,native-adapter,25000,15.7330,15.1838,16.6806,4000000,0
terminal-update,baseline,ad857e6f,2,title,native-core,25000,1.2634,1.2163,1.6581,0,24
terminal-update,baseline,ad857e6f,2,prompt,managed,25000,33.6084,32.6989,34.0295,42200000,0
terminal-update,baseline,ad857e6f,2,prompt,native-adapter,25000,231.7600,200.8139,302.6480,47400000,0
terminal-update,baseline,ad857e6f,2,prompt,native-core,25000,5.8800,4.3027,8.9315,0,24
terminal-update,baseline,ad857e6f,2,soft-reset,managed,25000,9.4233,5.5230,12.2180,0,0
terminal-update,baseline,ad857e6f,2,soft-reset,native-adapter,25000,23.3010,17.6115,31.5357,1600000,0
terminal-update,baseline,ad857e6f,2,soft-reset,native-core,25000,1.7132,1.4369,2.8422,0,24
terminal-update,baseline,ad857e6f,3,ascii,managed,25000,17.8166,10.7462,20.7616,0,0
terminal-update,baseline,ad857e6f,3,ascii,native-adapter,25000,288.2620,248.7506,335.9612,1600000,0
terminal-update,baseline,ad857e6f,3,ascii,native-core,25000,2.2087,1.4446,3.6735,0,24
terminal-update,baseline,ad857e6f,3,unicode,managed,25000,25.1240,19.3817,30.9782,0,0
terminal-update,baseline,ad857e6f,3,unicode,native-adapter,25000,219.7001,174.4375,263.9939,1600000,0
terminal-update,baseline,ad857e6f,3,unicode,native-core,25000,4.4927,4.2254,5.0035,0,24
terminal-update,baseline,ad857e6f,3,wide,managed,25000,96.8370,95.8101,104.3060,0,0
terminal-update,baseline,ad857e6f,3,wide,native-adapter,25000,283.9203,201.8676,343.1745,1600000,0
terminal-update,baseline,ad857e6f,3,wide,native-core,25000,27.7440,27.1220,30.7230,0,24
terminal-update,baseline,ad857e6f,3,styled,managed,25000,13.3030,13.0067,17.4250,0,0
terminal-update,baseline,ad857e6f,3,styled,native-adapter,25000,186.7310,174.5181,225.7130,1600000,0
terminal-update,baseline,ad857e6f,3,styled,native-core,25000,4.1884,3.3627,6.4445,0,24
terminal-update,baseline,ad857e6f,3,title,managed,25000,4.5596,4.1324,5.6555,0,0
terminal-update,baseline,ad857e6f,3,title,native-adapter,25000,23.8609,18.2010,27.9757,4000000,0
terminal-update,baseline,ad857e6f,3,title,native-core,25000,1.6404,1.2490,2.5040,0,24
terminal-update,baseline,ad857e6f,3,prompt,managed,25000,47.6983,39.0416,61.3717,42200000,0
terminal-update,baseline,ad857e6f,3,prompt,native-adapter,25000,239.1163,221.9760,269.1202,47400000,0
terminal-update,baseline,ad857e6f,3,prompt,native-core,25000,4.8875,4.5371,5.7390,0,24
terminal-update,baseline,ad857e6f,3,soft-reset,managed,25000,6.6469,5.3404,8.1017,0,0
terminal-update,baseline,ad857e6f,3,soft-reset,native-adapter,25000,19.5310,16.9139,23.3469,1600000,0
terminal-update,baseline,ad857e6f,3,soft-reset,native-core,25000,2.1275,1.3976,2.8136,0,24
terminal-update,after,b892a35dd161e1bc5450898152f05c2b7580da06,1,ascii,managed,25000,8.8660,8.8234,9.0279,0,0
terminal-update,after,b892a35dd161e1bc5450898152f05c2b7580da06,1,ascii,native-adapter,25000,162.0107,155.0604,270.6563,1600000,0
terminal-update,after,b892a35dd161e1bc5450898152f05c2b7580da06,1,ascii,native-core,25000,1.4500,1.4068,1.8319,0,24
terminal-update,after,b892a35dd161e1bc5450898152f05c2b7580da06,1,unicode,managed,25000,18.4305,18.0041,20.0361,0,0
terminal-update,after,b892a35dd161e1bc5450898152f05c2b7580da06,1,unicode,native-adapter,25000,165.3015,161.4356,182.1240,1600000,0
terminal-update,after,b892a35dd161e1bc5450898152f05c2b7580da06,1,unicode,native-core,25000,4.3157,4.1472,4.4922,0,24
terminal-update,after,b892a35dd161e1bc5450898152f05c2b7580da06,1,wide,managed,25000,92.5453,91.7776,95.3575,0,0
terminal-update,after,b892a35dd161e1bc5450898152f05c2b7580da06,1,wide,native-adapter,25000,251.3992,197.4514,347.9939,1600000,0
terminal-update,after,b892a35dd161e1bc5450898152f05c2b7580da06,1,wide,native-core,25000,28.9196,27.7987,39.9401,0,24
terminal-update,after,b892a35dd161e1bc5450898152f05c2b7580da06,1,styled,managed,25000,12.3942,12.1136,12.7866,0,0
terminal-update,after,b892a35dd161e1bc5450898152f05c2b7580da06,1,styled,native-adapter,25000,286.6673,277.3278,357.0873,1600000,0
terminal-update,after,b892a35dd161e1bc5450898152f05c2b7580da06,1,styled,native-core,25000,4.0457,3.1280,7.3685,0,24
terminal-update,after,b892a35dd161e1bc5450898152f05c2b7580da06,1,title,managed,25000,5.2542,4.2939,6.8480,0,0
terminal-update,after,b892a35dd161e1bc5450898152f05c2b7580da06,1,title,native-adapter,25000,19.6001,17.5461,21.6278,4000000,0
terminal-update,after,b892a35dd161e1bc5450898152f05c2b7580da06,1,title,native-core,25000,1.7224,1.4053,2.5457,0,24
terminal-update,after,b892a35dd161e1bc5450898152f05c2b7580da06,1,prompt,managed,25000,47.9692,38.9273,59.9000,37800000,0
terminal-update,after,b892a35dd161e1bc5450898152f05c2b7580da06,1,prompt,native-adapter,25000,309.3162,238.9110,337.3523,47400000,0
terminal-update,after,b892a35dd161e1bc5450898152f05c2b7580da06,1,prompt,native-core,25000,8.2289,5.6499,11.3855,0,24
terminal-update,after,b892a35dd161e1bc5450898152f05c2b7580da06,1,soft-reset,managed,25000,10.8146,7.8084,11.2643,0,0
terminal-update,after,b892a35dd161e1bc5450898152f05c2b7580da06,1,soft-reset,native-adapter,25000,22.6710,16.3726,37.7439,1600000,0
terminal-update,after,b892a35dd161e1bc5450898152f05c2b7580da06,1,soft-reset,native-core,25000,5.3185,3.6364,5.8986,0,24
terminal-update,after,b892a35dd161e1bc5450898152f05c2b7580da06,2,ascii,managed,25000,12.8778,11.0660,18.2355,0,0
terminal-update,after,b892a35dd161e1bc5450898152f05c2b7580da06,2,ascii,native-adapter,25000,260.4033,239.7628,320.4448,1600000,0
terminal-update,after,b892a35dd161e1bc5450898152f05c2b7580da06,2,ascii,native-core,25000,2.5490,1.4454,3.9738,0,24
terminal-update,after,b892a35dd161e1bc5450898152f05c2b7580da06,2,unicode,managed,25000,35.7038,29.5881,45.0970,0,0
terminal-update,after,b892a35dd161e1bc5450898152f05c2b7580da06,2,unicode,native-adapter,25000,274.0870,263.4042,338.5425,1600000,0
terminal-update,after,b892a35dd161e1bc5450898152f05c2b7580da06,2,unicode,native-core,25000,9.8094,7.0782,10.2486,0,24
terminal-update,after,b892a35dd161e1bc5450898152f05c2b7580da06,2,wide,managed,25000,165.4377,120.3187,190.3413,0,0
terminal-update,after,b892a35dd161e1bc5450898152f05c2b7580da06,2,wide,native-adapter,25000,283.2642,245.4917,354.2816,1600000,0
terminal-update,after,b892a35dd161e1bc5450898152f05c2b7580da06,2,wide,native-core,25000,29.7776,28.3135,40.4078,0,24
terminal-update,after,b892a35dd161e1bc5450898152f05c2b7580da06,2,styled,managed,25000,13.3277,12.9768,14.3300,0,0
terminal-update,after,b892a35dd161e1bc5450898152f05c2b7580da06,2,styled,native-adapter,25000,245.7235,201.9333,344.4622,1600000,0
terminal-update,after,b892a35dd161e1bc5450898152f05c2b7580da06,2,styled,native-core,25000,7.5126,5.1142,7.6844,0,24
terminal-update,after,b892a35dd161e1bc5450898152f05c2b7580da06,2,title,managed,25000,6.9529,5.9346,8.0898,0,0
terminal-update,after,b892a35dd161e1bc5450898152f05c2b7580da06,2,title,native-adapter,25000,29.2394,23.6377,33.0217,4000000,0
terminal-update,after,b892a35dd161e1bc5450898152f05c2b7580da06,2,title,native-core,25000,1.6057,1.3463,2.6550,0,24
terminal-update,after,b892a35dd161e1bc5450898152f05c2b7580da06,2,prompt,managed,25000,52.5778,41.3531,67.4474,37800000,0
terminal-update,after,b892a35dd161e1bc5450898152f05c2b7580da06,2,prompt,native-adapter,25000,202.3555,193.9425,280.8874,47400000,0
terminal-update,after,b892a35dd161e1bc5450898152f05c2b7580da06,2,prompt,native-core,25000,6.4913,5.9587,6.5900,0,24
terminal-update,after,b892a35dd161e1bc5450898152f05c2b7580da06,2,soft-reset,managed,25000,7.0418,6.7530,7.1562,0,0
terminal-update,after,b892a35dd161e1bc5450898152f05c2b7580da06,2,soft-reset,native-adapter,25000,15.3565,15.0397,16.3427,1600000,0
terminal-update,after,b892a35dd161e1bc5450898152f05c2b7580da06,2,soft-reset,native-core,25000,2.2090,2.1400,2.7068,0,24
terminal-update,after,b892a35dd161e1bc5450898152f05c2b7580da06,3,ascii,managed,25000,12.5079,9.8715,13.5433,0,0
terminal-update,after,b892a35dd161e1bc5450898152f05c2b7580da06,3,ascii,native-adapter,25000,228.2227,185.5572,251.3465,1600000,0
terminal-update,after,b892a35dd161e1bc5450898152f05c2b7580da06,3,ascii,native-core,25000,1.4403,1.3972,2.3705,0,24
terminal-update,after,b892a35dd161e1bc5450898152f05c2b7580da06,3,unicode,managed,25000,24.3234,21.1663,29.4808,0,0
terminal-update,after,b892a35dd161e1bc5450898152f05c2b7580da06,3,unicode,native-adapter,25000,245.2415,217.3556,262.1489,1600000,0
terminal-update,after,b892a35dd161e1bc5450898152f05c2b7580da06,3,unicode,native-core,25000,4.8641,4.2236,6.5497,0,24
terminal-update,after,b892a35dd161e1bc5450898152f05c2b7580da06,3,wide,managed,25000,134.9903,120.5667,140.5316,0,0
terminal-update,after,b892a35dd161e1bc5450898152f05c2b7580da06,3,wide,native-adapter,25000,273.2280,229.8894,309.0773,1600000,0
terminal-update,after,b892a35dd161e1bc5450898152f05c2b7580da06,3,wide,native-core,25000,27.6251,26.7888,29.4111,0,24
terminal-update,after,b892a35dd161e1bc5450898152f05c2b7580da06,3,styled,managed,25000,15.5137,13.4765,19.3898,0,0
terminal-update,after,b892a35dd161e1bc5450898152f05c2b7580da06,3,styled,native-adapter,25000,211.4515,193.6215,243.9862,1600000,0
terminal-update,after,b892a35dd161e1bc5450898152f05c2b7580da06,3,styled,native-core,25000,3.3631,3.0579,4.0498,0,24
terminal-update,after,b892a35dd161e1bc5450898152f05c2b7580da06,3,title,managed,25000,4.6839,4.1813,5.0210,0,0
terminal-update,after,b892a35dd161e1bc5450898152f05c2b7580da06,3,title,native-adapter,25000,17.5636,16.5235,17.9760,4000000,0
terminal-update,after,b892a35dd161e1bc5450898152f05c2b7580da06,3,title,native-core,25000,1.5726,1.3460,1.9877,0,24
terminal-update,after,b892a35dd161e1bc5450898152f05c2b7580da06,3,prompt,managed,25000,36.2396,34.0832,41.9525,37800000,0
terminal-update,after,b892a35dd161e1bc5450898152f05c2b7580da06,3,prompt,native-adapter,25000,199.6455,197.7935,232.8605,47400000,0
terminal-update,after,b892a35dd161e1bc5450898152f05c2b7580da06,3,prompt,native-core,25000,6.2974,5.8176,6.3284,0,24
terminal-update,after,b892a35dd161e1bc5450898152f05c2b7580da06,3,soft-reset,managed,25000,7.1621,6.6238,7.5787,0,0
terminal-update,after,b892a35dd161e1bc5450898152f05c2b7580da06,3,soft-reset,native-adapter,25000,17.9245,15.8077,19.9117,1600000,0
terminal-update,after,b892a35dd161e1bc5450898152f05c2b7580da06,3,soft-reset,native-core,25000,2.3217,2.1372,3.2320,0,24
managed-print,baseline,ad857e6f,1,ascii,managed,25000,10.639,,,0,113
managed-print,baseline,ad857e6f,1,unicode,managed,25000,21.576,,,0,955
managed-print,baseline,ad857e6f,1,wide,managed,25000,104.229,,,0,30028
managed-print,baseline,ad857e6f,1,grapheme-mode,managed,25000,19.912,,,3200000,66
managed-print,baseline,ad857e6f,1,mode-churn,managed,25000,12.774,,,0,0
managed-print,baseline,ad857e6f,1,rep,managed,25000,13.981,,,0,113
managed-print,baseline,ad857e6f,1,styled,managed,25000,21.710,,,0,114
managed-print,baseline,ad857e6f,1,snapshot-styled,managed,25000,217.358,,,1200000,114
managed-print,baseline,ad857e6f,1,snapshot-pen,managed,25000,64.463,,,0,0
managed-print,baseline,ad857e6f,1,snapshot-page-cursor,managed,25000,169.203,,,0,0
managed-print,baseline,ad857e6f,1,edit,managed,25000,26.839,,,0,113
managed-print,baseline,ad857e6f,1,snapshot-edit,managed,25000,204.889,,,0,113
managed-print,baseline,ad857e6f,1,snapshot-erase,managed,25000,38.704,,,0,0
managed-print,baseline,ad857e6f,1,snapshot-grapheme,managed,25000,15.766,,,2400000,65
managed-print,baseline,ad857e6f,1,hold,managed,25000,41.103,,,177200000,113
managed-print,baseline,ad857e6f,1,snapshot-hold,managed,25000,204.233,,,291003472,113
managed-print,baseline,ad857e6f,1,dec-special,managed,25000,12.977,,,0,9472
managed-print,baseline,ad857e6f,1,british,managed,25000,11.448,,,0,163
managed-print,baseline,ad857e6f,1,charset-single-shift,managed,25000,14.566,,,0,163
managed-print,baseline,ad857e6f,1,charset-unicode,managed,25000,18.548,,,0,9472
managed-print,baseline,ad857e6f,1,snapshot-charset,managed,25000,21.049,,,0,9472
managed-print,baseline,ad857e6f,1,save-restore,managed,25000,2.591,,,0,0
managed-print,baseline,ad857e6f,2,ascii,managed,25000,8.474,,,0,113
managed-print,baseline,ad857e6f,2,unicode,managed,25000,17.256,,,0,955
managed-print,baseline,ad857e6f,2,wide,managed,25000,88.361,,,0,30028
managed-print,baseline,ad857e6f,2,grapheme-mode,managed,25000,15.489,,,3200000,66
managed-print,baseline,ad857e6f,2,mode-churn,managed,25000,11.368,,,0,0
managed-print,baseline,ad857e6f,2,rep,managed,25000,12.424,,,0,113
managed-print,baseline,ad857e6f,2,styled,managed,25000,20.143,,,0,114
managed-print,baseline,ad857e6f,2,snapshot-styled,managed,25000,218.492,,,1200000,114
managed-print,baseline,ad857e6f,2,snapshot-pen,managed,25000,55.085,,,0,0
managed-print,baseline,ad857e6f,2,snapshot-page-cursor,managed,25000,162.066,,,0,0
managed-print,baseline,ad857e6f,2,edit,managed,25000,25.992,,,0,113
managed-print,baseline,ad857e6f,2,snapshot-edit,managed,25000,120.519,,,0,113
managed-print,baseline,ad857e6f,2,snapshot-erase,managed,25000,33.968,,,0,0
managed-print,baseline,ad857e6f,2,snapshot-grapheme,managed,25000,13.762,,,2400000,65
managed-print,baseline,ad857e6f,2,hold,managed,25000,34.596,,,177200000,113
managed-print,baseline,ad857e6f,2,snapshot-hold,managed,25000,173.035,,,291002952,113
managed-print,baseline,ad857e6f,2,dec-special,managed,25000,12.435,,,0,9472
managed-print,baseline,ad857e6f,2,british,managed,25000,10.764,,,0,163
managed-print,baseline,ad857e6f,2,charset-single-shift,managed,25000,14.311,,,0,163
managed-print,baseline,ad857e6f,2,charset-unicode,managed,25000,18.594,,,0,9472
managed-print,baseline,ad857e6f,2,snapshot-charset,managed,25000,20.753,,,0,9472
managed-print,baseline,ad857e6f,2,save-restore,managed,25000,2.690,,,0,0
managed-print,baseline,ad857e6f,3,ascii,managed,25000,8.761,,,0,113
managed-print,baseline,ad857e6f,3,unicode,managed,25000,18.084,,,0,955
managed-print,baseline,ad857e6f,3,wide,managed,25000,93.016,,,0,30028
managed-print,baseline,ad857e6f,3,grapheme-mode,managed,25000,16.700,,,3200000,66
managed-print,baseline,ad857e6f,3,mode-churn,managed,25000,12.614,,,0,0
managed-print,baseline,ad857e6f,3,rep,managed,25000,12.896,,,0,113
managed-print,baseline,ad857e6f,3,styled,managed,25000,20.383,,,0,114
managed-print,baseline,ad857e6f,3,snapshot-styled,managed,25000,202.790,,,1200000,114
managed-print,baseline,ad857e6f,3,snapshot-pen,managed,25000,53.217,,,0,0
managed-print,baseline,ad857e6f,3,snapshot-page-cursor,managed,25000,162.422,,,0,0
managed-print,baseline,ad857e6f,3,edit,managed,25000,27.166,,,0,113
managed-print,baseline,ad857e6f,3,snapshot-edit,managed,25000,123.007,,,0,113
managed-print,baseline,ad857e6f,3,snapshot-erase,managed,25000,35.045,,,0,0
managed-print,baseline,ad857e6f,3,snapshot-grapheme,managed,25000,14.677,,,2400000,65
managed-print,baseline,ad857e6f,3,hold,managed,25000,38.754,,,177200000,113
managed-print,baseline,ad857e6f,3,snapshot-hold,managed,25000,191.505,,,291003040,113
managed-print,baseline,ad857e6f,3,dec-special,managed,25000,12.889,,,0,9472
managed-print,baseline,ad857e6f,3,british,managed,25000,11.723,,,0,163
managed-print,baseline,ad857e6f,3,charset-single-shift,managed,25000,18.135,,,0,163
managed-print,baseline,ad857e6f,3,charset-unicode,managed,25000,25.984,,,0,9472
managed-print,baseline,ad857e6f,3,snapshot-charset,managed,25000,31.547,,,0,9472
managed-print,baseline,ad857e6f,3,save-restore,managed,25000,4.580,,,0,0
managed-print,after,b892a35dd161e1bc5450898152f05c2b7580da06,1,ascii,managed,25000,9.198,,,0,113
managed-print,after,b892a35dd161e1bc5450898152f05c2b7580da06,1,unicode,managed,25000,19.039,,,0,955
managed-print,after,b892a35dd161e1bc5450898152f05c2b7580da06,1,wide,managed,25000,96.273,,,0,30028
managed-print,after,b892a35dd161e1bc5450898152f05c2b7580da06,1,grapheme-mode,managed,25000,17.899,,,3200000,66
managed-print,after,b892a35dd161e1bc5450898152f05c2b7580da06,1,mode-churn,managed,25000,13.264,,,0,0
managed-print,after,b892a35dd161e1bc5450898152f05c2b7580da06,1,rep,managed,25000,13.248,,,0,113
managed-print,after,b892a35dd161e1bc5450898152f05c2b7580da06,1,styled,managed,25000,21.460,,,0,114
managed-print,after,b892a35dd161e1bc5450898152f05c2b7580da06,1,snapshot-styled,managed,25000,212.566,,,1200000,114
managed-print,after,b892a35dd161e1bc5450898152f05c2b7580da06,1,snapshot-pen,managed,25000,54.419,,,0,0
managed-print,after,b892a35dd161e1bc5450898152f05c2b7580da06,1,snapshot-page-cursor,managed,25000,171.914,,,0,0
managed-print,after,b892a35dd161e1bc5450898152f05c2b7580da06,1,edit,managed,25000,27.040,,,0,113
managed-print,after,b892a35dd161e1bc5450898152f05c2b7580da06,1,snapshot-edit,managed,25000,118.004,,,0,113
managed-print,after,b892a35dd161e1bc5450898152f05c2b7580da06,1,snapshot-erase,managed,25000,32.285,,,0,0
managed-print,after,b892a35dd161e1bc5450898152f05c2b7580da06,1,snapshot-grapheme,managed,25000,13.610,,,2400000,65
managed-print,after,b892a35dd161e1bc5450898152f05c2b7580da06,1,hold,managed,25000,34.559,,,182000000,113
managed-print,after,b892a35dd161e1bc5450898152f05c2b7580da06,1,snapshot-hold,managed,25000,161.339,,,295800496,113
managed-print,after,b892a35dd161e1bc5450898152f05c2b7580da06,1,dec-special,managed,25000,12.100,,,0,9472
managed-print,after,b892a35dd161e1bc5450898152f05c2b7580da06,1,british,managed,25000,10.283,,,0,163
managed-print,after,b892a35dd161e1bc5450898152f05c2b7580da06,1,charset-single-shift,managed,25000,14.443,,,0,163
managed-print,after,b892a35dd161e1bc5450898152f05c2b7580da06,1,charset-unicode,managed,25000,17.670,,,0,9472
managed-print,after,b892a35dd161e1bc5450898152f05c2b7580da06,1,snapshot-charset,managed,25000,19.120,,,0,9472
managed-print,after,b892a35dd161e1bc5450898152f05c2b7580da06,1,save-restore,managed,25000,2.613,,,0,0
managed-print,after,b892a35dd161e1bc5450898152f05c2b7580da06,2,ascii,managed,25000,8.499,,,0,113
managed-print,after,b892a35dd161e1bc5450898152f05c2b7580da06,2,unicode,managed,25000,18.154,,,0,955
managed-print,after,b892a35dd161e1bc5450898152f05c2b7580da06,2,wide,managed,25000,91.093,,,0,30028
managed-print,after,b892a35dd161e1bc5450898152f05c2b7580da06,2,grapheme-mode,managed,25000,16.032,,,3200000,66
managed-print,after,b892a35dd161e1bc5450898152f05c2b7580da06,2,mode-churn,managed,25000,11.934,,,0,0
managed-print,after,b892a35dd161e1bc5450898152f05c2b7580da06,2,rep,managed,25000,12.145,,,0,113
managed-print,after,b892a35dd161e1bc5450898152f05c2b7580da06,2,styled,managed,25000,19.515,,,0,114
managed-print,after,b892a35dd161e1bc5450898152f05c2b7580da06,2,snapshot-styled,managed,25000,188.673,,,1200000,114
managed-print,after,b892a35dd161e1bc5450898152f05c2b7580da06,2,snapshot-pen,managed,25000,50.488,,,0,0
managed-print,after,b892a35dd161e1bc5450898152f05c2b7580da06,2,snapshot-page-cursor,managed,25000,149.449,,,0,0
managed-print,after,b892a35dd161e1bc5450898152f05c2b7580da06,2,edit,managed,25000,25.373,,,0,113
managed-print,after,b892a35dd161e1bc5450898152f05c2b7580da06,2,snapshot-edit,managed,25000,114.359,,,0,113
managed-print,after,b892a35dd161e1bc5450898152f05c2b7580da06,2,snapshot-erase,managed,25000,31.446,,,0,0
managed-print,after,b892a35dd161e1bc5450898152f05c2b7580da06,2,snapshot-grapheme,managed,25000,13.303,,,2400000,65
managed-print,after,b892a35dd161e1bc5450898152f05c2b7580da06,2,hold,managed,25000,33.122,,,182000000,113
managed-print,after,b892a35dd161e1bc5450898152f05c2b7580da06,2,snapshot-hold,managed,25000,158.919,,,295800336,113
managed-print,after,b892a35dd161e1bc5450898152f05c2b7580da06,2,dec-special,managed,25000,12.287,,,0,9472
managed-print,after,b892a35dd161e1bc5450898152f05c2b7580da06,2,british,managed,25000,10.524,,,0,163
managed-print,after,b892a35dd161e1bc5450898152f05c2b7580da06,2,charset-single-shift,managed,25000,14.088,,,0,163
managed-print,after,b892a35dd161e1bc5450898152f05c2b7580da06,2,charset-unicode,managed,25000,17.912,,,0,9472
managed-print,after,b892a35dd161e1bc5450898152f05c2b7580da06,2,snapshot-charset,managed,25000,19.907,,,0,9472
managed-print,after,b892a35dd161e1bc5450898152f05c2b7580da06,2,save-restore,managed,25000,2.613,,,0,0
managed-print,after,b892a35dd161e1bc5450898152f05c2b7580da06,3,ascii,managed,25000,12.031,,,0,113
managed-print,after,b892a35dd161e1bc5450898152f05c2b7580da06,3,unicode,managed,25000,18.113,,,0,955
managed-print,after,b892a35dd161e1bc5450898152f05c2b7580da06,3,wide,managed,25000,100.753,,,0,30028
managed-print,after,b892a35dd161e1bc5450898152f05c2b7580da06,3,grapheme-mode,managed,25000,17.786,,,3200000,66
managed-print,after,b892a35dd161e1bc5450898152f05c2b7580da06,3,mode-churn,managed,25000,13.249,,,0,0
managed-print,after,b892a35dd161e1bc5450898152f05c2b7580da06,3,rep,managed,25000,13.196,,,0,113
managed-print,after,b892a35dd161e1bc5450898152f05c2b7580da06,3,styled,managed,25000,20.700,,,0,114
managed-print,after,b892a35dd161e1bc5450898152f05c2b7580da06,3,snapshot-styled,managed,25000,255.895,,,1200000,114
managed-print,after,b892a35dd161e1bc5450898152f05c2b7580da06,3,snapshot-pen,managed,25000,53.641,,,0,0
managed-print,after,b892a35dd161e1bc5450898152f05c2b7580da06,3,snapshot-page-cursor,managed,25000,194.641,,,0,0
managed-print,after,b892a35dd161e1bc5450898152f05c2b7580da06,3,edit,managed,25000,28.718,,,0,113
managed-print,after,b892a35dd161e1bc5450898152f05c2b7580da06,3,snapshot-edit,managed,25000,130.151,,,0,113
managed-print,after,b892a35dd161e1bc5450898152f05c2b7580da06,3,snapshot-erase,managed,25000,41.694,,,0,0
managed-print,after,b892a35dd161e1bc5450898152f05c2b7580da06,3,snapshot-grapheme,managed,25000,24.483,,,2400000,65
managed-print,after,b892a35dd161e1bc5450898152f05c2b7580da06,3,hold,managed,25000,65.375,,,182000000,113
managed-print,after,b892a35dd161e1bc5450898152f05c2b7580da06,3,snapshot-hold,managed,25000,233.288,,,295800440,113
managed-print,after,b892a35dd161e1bc5450898152f05c2b7580da06,3,dec-special,managed,25000,12.787,,,0,9472
managed-print,after,b892a35dd161e1bc5450898152f05c2b7580da06,3,british,managed,25000,10.995,,,0,163
managed-print,after,b892a35dd161e1bc5450898152f05c2b7580da06,3,charset-single-shift,managed,25000,14.553,,,0,163
managed-print,after,b892a35dd161e1bc5450898152f05c2b7580da06,3,charset-unicode,managed,25000,18.635,,,0,9472
managed-print,after,b892a35dd161e1bc5450898152f05c2b7580da06,3,snapshot-charset,managed,25000,20.320,,,0,9472
managed-print,after,b892a35dd161e1bc5450898152f05c2b7580da06,3,save-restore,managed,25000,2.644,,,0,0
terminal-reflow,baseline,ad857e6f,1,ascii,managed,13,106.566,,,113921336,2000
terminal-reflow,baseline,ad857e6f,1,cjk,managed,13,113.301,,,113920776,2000
terminal-reflow,baseline,ad857e6f,1,grapheme,managed,13,59.882,,,113917584,2000
terminal-reflow,baseline,ad857e6f,1,mixed,managed,13,58.381,,,113921432,2000
terminal-reflow,baseline,ad857e6f,1,scrolling,managed,50000,7.206,,,0,
terminal-reflow,baseline,ad857e6f,2,ascii,managed,13,58.027,,,113921520,2000
terminal-reflow,baseline,ad857e6f,2,cjk,managed,13,86.400,,,113921704,2000
terminal-reflow,baseline,ad857e6f,2,grapheme,managed,13,47.175,,,113917584,2000
terminal-reflow,baseline,ad857e6f,2,mixed,managed,13,64.796,,,113921336,2000
terminal-reflow,baseline,ad857e6f,2,scrolling,managed,50000,8.307,,,0,
terminal-reflow,baseline,ad857e6f,3,ascii,managed,13,60.867,,,113921432,2000
terminal-reflow,baseline,ad857e6f,3,cjk,managed,13,59.690,,,113921336,2000
terminal-reflow,baseline,ad857e6f,3,grapheme,managed,13,45.073,,,113917584,2000
terminal-reflow,baseline,ad857e6f,3,mixed,managed,13,56.558,,,113921336,2000
terminal-reflow,baseline,ad857e6f,3,scrolling,managed,50000,7.209,,,0,
terminal-reflow,after,b892a35dd161e1bc5450898152f05c2b7580da06,1,ascii,managed,13,55.670,,,114169376,2000
terminal-reflow,after,b892a35dd161e1bc5450898152f05c2b7580da06,1,cjk,managed,13,57.112,,,114169376,2000
terminal-reflow,after,b892a35dd161e1bc5450898152f05c2b7580da06,1,grapheme,managed,13,43.144,,,114165640,2000
terminal-reflow,after,b892a35dd161e1bc5450898152f05c2b7580da06,1,mixed,managed,13,58.558,,,114169400,2000
terminal-reflow,after,b892a35dd161e1bc5450898152f05c2b7580da06,1,scrolling,managed,50000,7.479,,,0,
terminal-reflow,after,b892a35dd161e1bc5450898152f05c2b7580da06,2,ascii,managed,13,64.962,,,114169376,2000
terminal-reflow,after,b892a35dd161e1bc5450898152f05c2b7580da06,2,cjk,managed,13,64.689,,,114167696,2000
terminal-reflow,after,b892a35dd161e1bc5450898152f05c2b7580da06,2,grapheme,managed,13,50.132,,,114165640,2000
terminal-reflow,after,b892a35dd161e1bc5450898152f05c2b7580da06,2,mixed,managed,13,59.387,,,114169376,2000
terminal-reflow,after,b892a35dd161e1bc5450898152f05c2b7580da06,2,scrolling,managed,50000,8.050,,,0,
terminal-reflow,after,b892a35dd161e1bc5450898152f05c2b7580da06,3,ascii,managed,13,63.578,,,114168208,2000
terminal-reflow,after,b892a35dd161e1bc5450898152f05c2b7580da06,3,cjk,managed,13,58.860,,,114169376,2000
terminal-reflow,after,b892a35dd161e1bc5450898152f05c2b7580da06,3,grapheme,managed,13,39.976,,,114165640,2000
terminal-reflow,after,b892a35dd161e1bc5450898152f05c2b7580da06,3,mixed,managed,13,59.531,,,114169376,2000
terminal-reflow,after,b892a35dd161e1bc5450898152f05c2b7580da06,3,scrolling,managed,50000,7.329,,,0,
native-render-overscan,baseline,ad857e6f,1,rows-24-overscan-0,native-adapter,500,69.059,,,32000,484656
native-render-overscan,baseline,ad857e6f,1,rows-24-overscan-1,native-adapter,500,75.506,,,2651976,491680
native-render-overscan,baseline,ad857e6f,1,rows-240-overscan-0,native-adapter,100,136.696,,,6400,252048
native-render-overscan,baseline,ad857e6f,1,rows-240-overscan-1,native-adapter,100,141.772,,,528824,253472
native-render-overscan,baseline,ad857e6f,1,rows-2400-overscan-0,native-adapter,20,268.866,,,1280,382128
native-render-overscan,baseline,ad857e6f,1,rows-2400-overscan-1,native-adapter,20,267.027,,,107336,382432
native-render-overscan,baseline,ad857e6f,2,rows-24-overscan-0,native-adapter,500,68.256,,,32000,484656
native-render-overscan,baseline,ad857e6f,2,rows-24-overscan-1,native-adapter,500,71.186,,,2651976,491680
native-render-overscan,baseline,ad857e6f,2,rows-240-overscan-0,native-adapter,100,167.135,,,6400,252048
native-render-overscan,baseline,ad857e6f,2,rows-240-overscan-1,native-adapter,100,131.699,,,528824,253472
native-render-overscan,baseline,ad857e6f,2,rows-2400-overscan-0,native-adapter,20,266.337,,,1280,382128
native-render-overscan,baseline,ad857e6f,2,rows-2400-overscan-1,native-adapter,20,277.834,,,107336,382432
native-render-overscan,baseline,ad857e6f,3,rows-24-overscan-0,native-adapter,500,65.257,,,32000,484656
native-render-overscan,baseline,ad857e6f,3,rows-24-overscan-1,native-adapter,500,73.525,,,2651976,491680
native-render-overscan,baseline,ad857e6f,3,rows-240-overscan-0,native-adapter,100,207.104,,,6400,252048
native-render-overscan,baseline,ad857e6f,3,rows-240-overscan-1,native-adapter,100,131.232,,,528824,253472
native-render-overscan,baseline,ad857e6f,3,rows-2400-overscan-0,native-adapter,20,263.995,,,1280,382128
native-render-overscan,baseline,ad857e6f,3,rows-2400-overscan-1,native-adapter,20,272.505,,,107336,382432
native-render-overscan,after,b892a35dd161e1bc5450898152f05c2b7580da06,1,rows-24-overscan-0,native-adapter,500,64.524,,,32000,484656
native-render-overscan,after,b892a35dd161e1bc5450898152f05c2b7580da06,1,rows-24-overscan-1,native-adapter,500,74.177,,,2657312,491680
native-render-overscan,after,b892a35dd161e1bc5450898152f05c2b7580da06,1,rows-240-overscan-0,native-adapter,100,145.306,,,6400,252048
native-render-overscan,after,b892a35dd161e1bc5450898152f05c2b7580da06,1,rows-240-overscan-1,native-adapter,100,141.428,,,529888,253472
native-render-overscan,after,b892a35dd161e1bc5450898152f05c2b7580da06,1,rows-2400-overscan-0,native-adapter,20,270.967,,,1280,382128
native-render-overscan,after,b892a35dd161e1bc5450898152f05c2b7580da06,1,rows-2400-overscan-1,native-adapter,20,267.955,,,107552,382432
native-render-overscan,after,b892a35dd161e1bc5450898152f05c2b7580da06,2,rows-24-overscan-0,native-adapter,500,68.515,,,32000,484656
native-render-overscan,after,b892a35dd161e1bc5450898152f05c2b7580da06,2,rows-24-overscan-1,native-adapter,500,76.474,,,2657312,491680
native-render-overscan,after,b892a35dd161e1bc5450898152f05c2b7580da06,2,rows-240-overscan-0,native-adapter,100,132.854,,,6400,252048
native-render-overscan,after,b892a35dd161e1bc5450898152f05c2b7580da06,2,rows-240-overscan-1,native-adapter,100,137.922,,,529888,253472
native-render-overscan,after,b892a35dd161e1bc5450898152f05c2b7580da06,2,rows-2400-overscan-0,native-adapter,20,282.991,,,1280,382128
native-render-overscan,after,b892a35dd161e1bc5450898152f05c2b7580da06,2,rows-2400-overscan-1,native-adapter,20,294.135,,,107552,382432
native-render-overscan,after,b892a35dd161e1bc5450898152f05c2b7580da06,3,rows-24-overscan-0,native-adapter,500,70.180,,,32000,484656
native-render-overscan,after,b892a35dd161e1bc5450898152f05c2b7580da06,3,rows-24-overscan-1,native-adapter,500,74.860,,,2657312,491680
native-render-overscan,after,b892a35dd161e1bc5450898152f05c2b7580da06,3,rows-240-overscan-0,native-adapter,100,131.284,,,6400,252048
native-render-overscan,after,b892a35dd161e1bc5450898152f05c2b7580da06,3,rows-240-overscan-1,native-adapter,100,144.414,,,529888,253472
native-render-overscan,after,b892a35dd161e1bc5450898152f05c2b7580da06,3,rows-2400-overscan-0,native-adapter,20,267.703,,,1280,382128
native-render-overscan,after,b892a35dd161e1bc5450898152f05c2b7580da06,3,rows-2400-overscan-1,native-adapter,20,320.864,,,107552,382432
